<?xml version="1.0" encoding="UTF-8"?>
<project-private xmlns="http://www.netbeans.org/ns/project-private/1">
    <editor-bookmarks xmlns="http://www.netbeans.org/ns/editor-bookmarks/2" lastBookmarkId="0"/>
    <open-files xmlns="http://www.netbeans.org/ns/projectui-open-files/2">
        <group>
            <file>file:/D:/Citra/Kuliah/SEMESTER%203/Latihan%20Praktikum%20Pemvis/Program/ProjekAkhir/src/projekakhir/Supplier.java</file>
            <file>file:/D:/Citra/Kuliah/SEMESTER%203/Latihan%20Praktikum%20Pemvis/Program/ProjekAkhir/src/projekakhir/User.java</file>
            <file>file:/D:/Citra/Kuliah/SEMESTER%203/Latihan%20Praktikum%20Pemvis/Program/ProjekAkhir/src/projekakhir/Stok.java</file>
            <file>file:/D:/Citra/Kuliah/SEMESTER%203/Latihan%20Praktikum%20Pemvis/Program/ProjekAkhir/src/projekakhir/Input.java</file>
            <file>file:/D:/Citra/Kuliah/SEMESTER%203/Latihan%20Praktikum%20Pemvis/Program/ProjekAkhir/src/projekakhir/Menu.java</file>
        </group>
    </open-files>
</project-private>
